Timestamp,TestType,Status
2026-06-24 19:46:31 UTC,ApiFunctional,Failed/Warning
2026-06-24 19:49:48 UTC,ApiFunctional,Success
2026-06-24 19:51:06 UTC,WebPlaywright,Failed/Warning
2026-06-24 19:51:41 UTC,MobileAppium,Success
2026-06-24 19:51:45 UTC,MobileAppium,Success
2026-06-24 19:51:49 UTC,WebPlaywright,Failed/Warning
2026-06-24 19:51:51 UTC,MobileAppium,Success
2026-06-24 19:53:56 UTC,ApiSpike,Failed/Warning
2026-06-24 19:58:48 UTC,ApiFunctional,Success
2026-06-24 19:59:47 UTC,MobileAppium,Success
2026-06-24 20:00:11 UTC,WebPlaywright,Failed/Warning
2026-06-24 20:00:14 UTC,WebPlaywright,Failed/Warning
2026-06-24 20:00:26 UTC,MobileAppium,Success
2026-06-24 20:02:27 UTC,ApiSpike,Failed/Warning
2026-06-24 20:24:11 UTC,ApiFunctional,Success
2026-06-24 20:24:44 UTC,MobileAppium,Success
2026-06-24 20:25:49 UTC,WebPlaywright,Success
2026-06-24 20:35:09 UTC,ApiFunctional,Success
2026-06-24 20:36:37 UTC,ApiConcurrency,Failed/Warning
2026-06-24 20:43:21 UTC,ApiStress,Failed/Warning
